<?xml version="1.0" encoding="UTF-8"?>
<project-private xmlns="http://www.netbeans.org/ns/project-private/1">
    <editor-bookmarks xmlns="http://www.netbeans.org/ns/editor-bookmarks/2" lastBookmarkId="0"/>
    <open-files xmlns="http://www.netbeans.org/ns/projectui-open-files/2">
        <group>
            <file>file:/Users/macstudent/Desktop/C0713440_MidTerm_MADF3464/src/c0713440_midterm_madf3464/MagicalCardGame.java</file>
            <file>file:/Users/macstudent/Desktop/C0713440_MidTerm_MADF3464/src/c0713440_midterm_madf3464/MagicalCardGameModel.java</file>
            <file>file:/Users/macstudent/Desktop/C0713440_MidTerm_MADF3464/src/c0713440_midterm_madf3464/C0713440_MidTerm_MADF3464.java</file>
            <file>file:/Users/macstudent/Desktop/C0713440_MidTerm_MADF3464/src/c0713440_midterm_madf3464/MostFrequent.java</file>
            <file>file:/Users/macstudent/Desktop/C0713440_MidTerm_MADF3464/src/c0713440_midterm_madf3464/MagicalCardGameCalculator.java</file>
            <file>file:/Users/macstudent/Desktop/C0713440_MidTerm_MADF3464/src/c0713440_midterm_madf3464/MagicalCardGameInterface.java</file>
            <file>file:/Users/macstudent/Desktop/C0713440_MidTerm_MADF3464/src/c0713440_midterm_madf3464/BinarytoDecimal.java</file>
            <file>file:/Users/macstudent/Desktop/C0713440_MidTerm_MADF3464/src/c0713440_midterm_madf3464/Initials.java</file>
            <file>file:/Users/macstudent/Desktop/C0713440_MidTerm_MADF3464/src/c0713440_midterm_madf3464/ReverseString.java</file>
            <file>file:/Users/macstudent/Desktop/C0713440_MidTerm_MADF3464/src/c0713440_midterm_madf3464/ReplaceSubString.java</file>
        </group>
    </open-files>
</project-private>
